tax_id,n_structures,domain,phylum,class,order,family,genus,species
623,1,Bacteria,Pseudomonadota,Gammaproteobacteria,Enterobacterales,Enterobacteriaceae,Shigella,Shigella flexneri
632,1,Bacteria,Pseudomonadota,Gammaproteobacteria,Enterobacterales,Yersiniaceae,Yersinia,Yersinia pestis
879,1,Bacteria,Thermodesulfobacteriota,Desulfovibrionia,Desulfovibrionales,Desulfovibrionaceae,Megalodesulfovibrio,Megalodesulfovibrio gigas
882,1,Bacteria,Thermodesulfobacteriota,Desulfovibrionia,Desulfovibrionales,Desulfovibrionaceae,Nitratidesulfovibrio,Nitratidesulfovibrio vulgaris
883,1,Bacteria,Thermodesulfobacteriota,Desulfovibrionia,Desulfovibrionales,Desulfovibrionaceae,Nitratidesulfovibrio,Nitratidesulfovibrio vulgaris
2164,1,Archaea,Methanobacteriota,Methanobacteria,Methanobacteriales,Methanobacteriaceae,Methanobacterium,Methanobacterium sp.
2177,1,Archaea,Methanobacteriota,Methanomicrobia,Methanosarcinales,Methanosarcinaceae,Methanohalophilus,Methanohalophilus halophilus
2198,7,Archaea,Methanobacteriota,Methanomicrobia,Methanomicrobiales,Methanomicrobiaceae,Methanoculleus,Methanoculleus marisnigri
2209,1,Archaea,Methanobacteriota,Methanomicrobia,Methanosarcinales,Methanosarcinaceae,Methanosarcina,Methanosarcina mazei
2234,11,Archaea,Methanobacteriota,Archaeoglobi,Archaeoglobales,Archaeoglobaceae,Archaeoglobus,Archaeoglobus fulgidus
2246,1,Archaea,Methanobacteriota,Halobacteria,Halobacteriales,Haloferacaceae,Haloferax,Haloferax volcanii
2269,5,Archaea,Thermoproteota,Thermoprotei,Thermofilales,Thermofilaceae,Thermofilum,Thermofilum pendens
2771,1,Eukaryota,Rhodophyta,Bangiophyceae,Cyanidiales,Cyanidiaceae,Cyanidium,Cyanidium caldarium
2788,1,Eukaryota,Rhodophyta,Bangiophyceae,Bangiales,Bangiaceae,Pyropia,Pyropia yezoensis
2843,1,Eukaryota,Bacillariophyta,Coscinodiscophyceae,Thalassiosirales,Skeletonemataceae,Skeletonema,Skeletonema costatum
2903,1,Eukaryota,Haptophyta,,Isochrysidales,Noelaerhabdaceae,Emiliania,Emiliania huxleyi
4113,1,Eukaryota,Streptophyta,Magnoliopsida,Solanales,Solanaceae,Solanum,Solanum tuberosum
5476,1,Eukaryota,Ascomycota,Pichiomycetes,Serinales,Debaryomycetaceae,Candida,Candida albicans
6495,1,Eukaryota,Mollusca,Gastropoda,Neogastropoda,Conidae,Conus,Conus tulipa
7962,1,Eukaryota,Chordata,Actinopteri,Cypriniformes,Cyprinidae,Cyprinus,Cyprinus carpio
8642,1,Eukaryota,Chordata,Lepidosauria,Squamata,Elapidae,Naja,Naja haje
9860,1,Eukaryota,Chordata,Mammalia,Artiodactyla,Cervidae,Cervus,Cervus elaphus
32046,1,Bacteria,Cyanobacteriota,Cyanophyceae,Synechococcales,Synechococcaceae,Synechococcus,Synechococcus elongatus
32051,1,Bacteria,Cyanobacteriota,Cyanophyceae,Synechococcales,Synechococcaceae,Synechococcus,Synechococcus sp. (strain WH7803)
43989,1,Bacteria,Cyanobacteriota,Cyanophyceae,Chroococcales,Aphanothecaceae,Crocosphaera,Crocosphaera subtropica
51203,2,Archaea,Methanobacteriota,Methanomicrobia,Methanosarcinales,Methanosarcinaceae,Methanohalophilus,Methanohalophilus euhalobius
60219,1,Eukaryota,Chordata,Lepidosauria,Squamata,Viperidae,Lachesis,Lachesis muta
74546,1,Bacteria,Cyanobacteriota,Cyanophyceae,Synechococcales,Prochlorococcaceae,Prochlorococcus,Prochlorococcus marinus
110662,1,Bacteria,Cyanobacteriota,Cyanophyceae,Synechococcales,Synechococcaceae,Synechococcus,Synechococcus sp. (strain CC9605)
113653,1,Archaea,Methanobacteriota,Archaeoglobi,Archaeoglobales,Archaeoglobaceae,Geoglobus,Geoglobus ahangari
115547,22,Archaea,,,,,,Uncultured archaeon
159087,1,Bacteria,Pseudomonadota,Betaproteobacteria,Rhodocyclales,Azonexaceae,Dechloromonas,Dechloromonas aromatica (nom. nud.)
182779,2,Archaea,Methanobacteriota,Halobacteria,Halobacteriales,Haloarculaceae,Haloarcula,Haloarcula quadrata
183757,1,Archaea,Methanobacteriota,Methanomicrobia,Methanosarcinales,,,uncultured Methanosarcinales archaeon
187272,1,Bacteria,Pseudomonadota,Gammaproteobacteria,Chromatiales,Ectothiorhodospiraceae,Alkalilimnicola,Alkalilimnicola ehrlichii
203122,1,Bacteria,Pseudomonadota,Gammaproteobacteria,Cellvibrionales,Cellvibrionaceae,Saccharophagus,Saccharophagus degradans
207559,1,Bacteria,Thermodesulfobacteriota,Desulfovibrionia,Desulfovibrionales,Desulfovibrionaceae,Oleidesulfovibrio,Oleidesulfovibrio alaskensis
216389,1,Bacteria,Chloroflexota,Dehalococcoidia,Dehalococcoidales,Dehalococcoidaceae,Dehalococcoides,Dehalococcoides mccartyi
230361,1,Archaea,Methanobacteriota,Methanobacteria,Methanobacteriales,Methanobacteriaceae,Methanobrevibacter,Methanobrevibacter millerae
242619,1,Bacteria,Bacteroidota,Bacteroidia,Bacteroidales,Porphyromonadaceae,Porphyromonas,Porphyromonas gingivalis
243160,1,Bacteria,Pseudomonadota,Betaproteobacteria,Burkholderiales,Burkholderiaceae,Burkholderia,Burkholderia mallei
243164,1,Bacteria,Chloroflexota,Dehalococcoidia,Dehalococcoidales,Dehalococcoidaceae,Dehalococcoides,Dehalococcoides mccartyi
243275,1,Bacteria,Spirochaetota,Spirochaetia,Spirochaetales,Treponemataceae,Treponema,Treponema denticola
243277,1,Bacteria,Pseudomonadota,Gammaproteobacteria,Vibrionales,Vibrionaceae,Vibrio,Vibrio cholerae
255470,1,Bacteria,Chloroflexota,Dehalococcoidia,Dehalococcoidales,Dehalococcoidaceae,Dehalococcoides,Dehalococcoides mccartyi
261291,1,Archaea,Methanobacteriota,Halobacteria,Halobacteriales,Haloferacaceae,Halorubrum,Halorubrum xinjiangense
262719,1,Bacteria,Mycoplasmatota,,Mycoplasmoidales,Metamycoplasmataceae,Mesomycoplasma,Mesomycoplasma hyopneumoniae
262722,1,Bacteria,Mycoplasmatota,,Mycoplasmoidales,Metamycoplasmataceae,Mesomycoplasma,Mesomycoplasma hyopneumoniae
262768,1,Bacteria,Mycoplasmatota,Mollicutes,Acholeplasmatales,Acholeplasmataceae,Candidatus Phytoplasma,Onion yellows phytoplasma
267748,1,Bacteria,Mycoplasmatota,,Mycoplasmoidales,Metamycoplasmataceae,Mesomycoplasma,[Mycoplasma] mobile
269084,1,Bacteria,Cyanobacteriota,Cyanophyceae,Synechococcales,Synechococcaceae,Synechococcus,Synechococcus elongatus
272559,1,Bacteria,Bacteroidota,Bacteroidia,Bacteroidales,Bacteroidaceae,Bacteroides,Bacteroides fragilis
272635,1,Bacteria,Mycoplasmatota,,Mycoplasmoidales,Metamycoplasmataceae,Mycoplasmopsis,Mycoplasmopsis pulmonis
273123,1,Bacteria,Pseudomonadota,Gammaproteobacteria,Enterobacterales,Yersiniaceae,Yersinia,Yersinia pseudotuberculosis
285951,1,Eukaryota,Rhodophyta,Florideophyceae,Gracilariales,Gracilariaceae,Gracilaria,Gracilaria tenuistipitata
290339,1,Bacteria,Pseudomonadota,Gammaproteobacteria,Enterobacterales,Enterobacteriaceae,Cronobacter,Cronobacter sakazakii
290434,1,Bacteria,Spirochaetota,Spirochaetia,Spirochaetales,Borreliaceae,Borreliella,Borreliella bavariensis
300267,1,Bacteria,Pseudomonadota,Gammaproteobacteria,Enterobacterales,Enterobacteriaceae,Shigella,Shigella dysenteriae
300268,1,Bacteria,Pseudomonadota,Gammaproteobacteria,Enterobacterales,Enterobacteriaceae,Shigella,Shigella boydii
300269,1,Bacteria,Pseudomonadota,Gammaproteobacteria,Enterobacterales,Enterobacteriaceae,Shigella,Shigella sonnei
306084,1,Eukaryota,Chordata,Amphibia,Anura,Hylidae,Phyllomedusa,Phyllomedusa tarsius
311458,4,Archaea,Nitrososphaerota,,Candidatus Caldarchaeales,Candidatus Caldarchaeaceae,Candidatus Caldarchaeum,Caldiarchaeum subterraneum
312309,1,Bacteria,Pseudomonadota,Gammaproteobacteria,Vibrionales,Vibrionaceae,Aliivibrio,Aliivibrio fischeri
316278,1,Bacteria,Cyanobacteriota,Cyanophyceae,Synechococcales,Synechococcaceae,Synechococcus,Synechococcus sp. (strain RCC307)
316279,1,Bacteria,Cyanobacteriota,Cyanophyceae,Synechococcales,Synechococcaceae,Synechococcus,Synechococcus sp. (strain CC9902)
316385,1,Bacteria,Pseudomonadota,Gammaproteobacteria,Enterobacterales,Enterobacteriaceae,Escherichia,Escherichia coli
320388,1,Bacteria,Pseudomonadota,Betaproteobacteria,Burkholderiales,Burkholderiaceae,Burkholderia,Burkholderia mallei
320389,1,Bacteria,Pseudomonadota,Betaproteobacteria,Burkholderiales,Burkholderiaceae,Burkholderia,Burkholderia mallei
321327,1,Bacteria,Cyanobacteriota,Cyanophyceae,Synechococcales,Synechococcaceae,Synechococcus,Synechococcus sp. (strain JA-3-3Ab)
321332,2,Bacteria,Cyanobacteriota,Cyanophyceae,Synechococcales,Synechococcaceae,Synechococcus,Synechococcus sp. (strain JA-2-3B'a(2-13))
326298,1,Bacteria,Campylobacterota,Epsilonproteobacteria,Campylobacterales,Sulfurimonadaceae,Sulfurimonas,Sulfurimonas denitrificans
331111,1,Bacteria,Pseudomonadota,Gammaproteobacteria,Enterobacterales,Enterobacteriaceae,Escherichia,Escherichia coli
331112,1,Bacteria,Pseudomonadota,Gammaproteobacteria,Enterobacterales,Enterobacteriaceae,Escherichia,Escherichia coli
331271,1,Bacteria,Pseudomonadota,Betaproteobacteria,Burkholderiales,Burkholderiaceae,Burkholderia,Burkholderia orbicola
334380,1,Bacteria,Pseudomonadota,Alphaproteobacteria,Rickettsiales,Rickettsiaceae,Orientia,Orientia tsutsugamushi
334771,8,Archaea,Thermoproteota,Thermoprotei,Desulfurococcales,Desulfurococcaceae,Ignisphaera,Ignisphaera aggregans
338969,1,Bacteria,Pseudomonadota,Betaproteobacteria,Burkholderiales,Comamonadaceae,Rhodoferax,Rhodoferax ferrireducens
349124,1,Bacteria,Pseudomonadota,Gammaproteobacteria,Chromatiales,Ectothiorhodospiraceae,Halorhodospira,Halorhodospira halophila
351348,1,Bacteria,Pseudomonadota,Gammaproteobacteria,Pseudomonadales,Marinobacteraceae,Marinobacter,Marinobacter nauticus
357244,1,Bacteria,Pseudomonadota,Alphaproteobacteria,Rickettsiales,Rickettsiaceae,Orientia,Orientia tsutsugamushi
357348,1,Bacteria,Pseudomonadota,Betaproteobacteria,Burkholderiales,Burkholderiaceae,Burkholderia,Burkholderia pseudomallei
362663,1,Bacteria,Pseudomonadota,Gammaproteobacteria,Enterobacterales,Enterobacteriaceae,Escherichia,Escherichia coli
364106,1,Bacteria,Pseudomonadota,Gammaproteobacteria,Enterobacterales,Enterobacteriaceae,Escherichia,Escherichia coli
367737,1,Bacteria,Campylobacterota,Epsilonproteobacteria,Campylobacterales,Arcobacteraceae,Aliarcobacter,Aliarcobacter butzleri
373384,1,Bacteria,Pseudomonadota,Gammaproteobacteria,Enterobacterales,Enterobacteriaceae,Shigella,Shigella flexneri
376686,1,Bacteria,Bacteroidota,Flavobacteriia,Flavobacteriales,Flavobacteriaceae,Flavobacterium,Flavobacterium johnsoniae
379731,1,Bacteria,Pseudomonadota,Gammaproteobacteria,Pseudomonadales,Pseudomonadaceae,Stutzerimonas,Stutzerimonas stutzeri
387093,1,Bacteria,Campylobacterota,Epsilonproteobacteria,Campylobacterales,Sulfurovaceae,Sulfurovum,Sulfurovum sp. (strain NBC37-1)
387957,1,Archaea,Methanobacteriota,Methanobacteria,Methanobacteriales,Methanobacteriaceae,Methanobrevibacter,Methanobrevibacter sp. 87.7
388396,1,Bacteria,Pseudomonadota,Gammaproteobacteria,Vibrionales,Vibrionaceae,Aliivibrio,Aliivibrio fischeri
391774,1,Bacteria,Thermodesulfobacteriota,Desulfovibrionia,Desulfovibrionales,Desulfovibrionaceae,Nitratidesulfovibrio,Nitratidesulfovibrio vulgaris
392421,1,Archaea,Methanobacteriota,Halobacteria,Halobacteriales,Natrialbaceae,Natrinema,Natrinema hispanicum
393595,1,Bacteria,Pseudomonadota,Gammaproteobacteria,Oceanospirillales,Alcanivoracaceae,Alcanivorax,Alcanivorax borkumensis
395019,1,Bacteria,Pseudomonadota,Betaproteobacteria,Burkholderiales,Burkholderiaceae,Burkholderia,Burkholderia multivorans
395961,1,Bacteria,Cyanobacteriota,Cyanophyceae,Gomontiellales,Cyanothecaceae,Cyanothece,Cyanothece sp. (strain PCC 7425 / ATCC 29141)
396588,1,Bacteria,Pseudomonadota,Gammaproteobacteria,Chromatiales,Ectothiorhodospiraceae,Thioalkalivibrio,Thioalkalivibrio sulfidiphilus
397945,1,Bacteria,Pseudomonadota,Betaproteobacteria,Burkholderiales,Comamonadaceae,Paracidovorax,Paracidovorax citrulli
399742,1,Bacteria,Pseudomonadota,Gammaproteobacteria,Enterobacterales,Enterobacteriaceae,Enterobacter,Enterobacter sp. (strain 638)
400668,1,Bacteria,Pseudomonadota,Gammaproteobacteria,Oceanospirillales,Oceanospirillaceae,Marinomonas,Marinomonas sp. (strain MWYL1)
406425,1,Bacteria,Pseudomonadota,Betaproteobacteria,Burkholderiales,Burkholderiaceae,Burkholderia,Burkholderia orbicola
406552,1,Archaea,Methanobacteriota,Halobacteria,Halobacteriales,Natrialbaceae,Natrinema,Natrinema sp. (strain J7-2)
412022,1,Bacteria,Pseudomonadota,Betaproteobacteria,Burkholderiales,Burkholderiaceae,Burkholderia,Burkholderia mallei
439855,1,Bacteria,Pseudomonadota,Gammaproteobacteria,Enterobacterales,Enterobacteriaceae,Escherichia,Escherichia coli
481805,1,Bacteria,Pseudomonadota,Gammaproteobacteria,Enterobacterales,Enterobacteriaceae,Escherichia,Escherichia coli
502800,1,Bacteria,Pseudomonadota,Gammaproteobacteria,Enterobacterales,Yersiniaceae,Yersinia,Yersinia pseudotuberculosis
523843,1,Archaea,Methanobacteriota,Methanomicrobia,Methanosarcinales,Methanosarcinaceae,Methanohalophilus,Methanohalophilus portucalensis
526222,1,Bacteria,Thermodesulfobacteriota,Desulfovibrionia,Desulfovibrionales,Desulfovibrionaceae,Maridesulfovibrio,Maridesulfovibrio salexigens
660522,1,Archaea,Methanobacteriota,Halobacteria,Halobacteriales,Haloferacaceae,Haloplanus,Haloplanus aerogenes
928525,1,Eukaryota,Chordata,Amphibia,Anura,Leptodactylidae,Leptodactylus,Leptodactylus ocellatus
1072681,1,Archaea,Methanobacteriota,Candidatus Nanohaloarchaea,,,,Haloredivivus sp. (strain G17)
1202768,1,Archaea,Methanobacteriota,Halobacteria,Halobacteriales,Natrialbaceae,Natrinema,Natrinema salifodinae
1227490,1,Archaea,Methanobacteriota,Halobacteria,Halobacteriales,Natrialbaceae,Halovivax,Halovivax asiaticus
1227491,1,Archaea,Methanobacteriota,Halobacteria,Halobacteriales,Natrialbaceae,Natrialba,Natrialba aegyptia
1236180,1,Archaea,Methanobacteriota,Halobacteria,Halobacteriales,Haloferacaceae,Halopelagius,Halopelagius longus
1236903,1,Archaea,Methanobacteriota,Methanomicrobia,Methanosarcinales,Methanosarcinaceae,Methanosarcina,Methanosarcina mazei
1294262,1,Archaea,Thermoproteota,Thermoprotei,Sulfolobales,Sulfolobaceae,Sulfuracidifex,Sulfuracidifex tepidarius
1325472,1,Archaea,Methanobacteriota,Halobacteria,Halobacteriales,,,halophilic archaeon J07HX5
1383844,1,Archaea,Methanobacteriota,Halobacteria,Halobacteriales,Haloferacaceae,Halorubrum,Halorubrum persicum
1392998,2,Archaea,Methanobacteriota,Methanomicrobia,Methanosarcinales,Candidatus Methanoperedentaceae,Candidatus Methanoperedens,Candidatus Methanoperedens nitratireducens
1408204,1,Bacteria,Elusimicrobiota,Endomicrobiia,Endomicrobiales,Endomicrobiaceae,Candidatus Endomicrobiellum,Endomicrobium trichonymphae
1419722,2,Archaea,Methanobacteriota,Halobacteria,Halobacteriales,Haloferacaceae,Halorubrum,Halorubrum sp. SD626R
1452364,1,Archaea,Methanobacteriota,Methanomicrobia,Methanomicrobiales,,,methanogenic archaeon mixed culture ISO4-G1
1455878,1,Archaea,Nitrososphaerota,,,,,uncultured marine thaumarchaeote AD1000_01_A07
1455914,1,Archaea,Nitrososphaerota,,,,,uncultured marine thaumarchaeote AD1000_40_H03
1455925,2,Archaea,Nitrososphaerota,,,,,uncultured marine thaumarchaeote AD1000_54_F06
1455957,1,Archaea,Nitrososphaerota,,,,,uncultured marine thaumarchaeote KM3_02_H10
1455980,2,Archaea,Nitrososphaerota,,,,,uncultured marine thaumarchaeote KM3_103_A05
1455981,1,Archaea,Nitrososphaerota,,,,,uncultured marine thaumarchaeote KM3_105_E03
1456002,1,Archaea,Nitrososphaerota,,,,,uncultured marine thaumarchaeote KM3_131_F04
1456005,1,Archaea,Nitrososphaerota,,,,,uncultured marine thaumarchaeote KM3_136_D12
1456023,1,Archaea,Nitrososphaerota,,,,,uncultured marine thaumarchaeote KM3_157_H08
1456048,1,Archaea,Nitrososphaerota,,,,,uncultured marine thaumarchaeote KM3_172_D05
1456059,1,Archaea,Nitrososphaerota,,,,,uncultured marine thaumarchaeote KM3_177_D01
1456068,1,Archaea,Nitrososphaerota,,,,,uncultured marine thaumarchaeote KM3_183_D02
1456069,1,Archaea,Nitrososphaerota,,,,,uncultured marine thaumarchaeote KM3_183_D03
1456125,1,Archaea,Nitrososphaerota,,,,,uncultured marine thaumarchaeote KM3_33_B12
1456149,1,Archaea,Nitrososphaerota,,,,,uncultured marine thaumarchaeote KM3_42_G11
1456206,1,Archaea,Nitrososphaerota,,,,,uncultured marine thaumarchaeote KM3_57_D03
1456252,1,Archaea,Nitrososphaerota,,,,,uncultured marine thaumarchaeote KM3_70_D07
1456269,1,Archaea,Nitrososphaerota,,,,,uncultured marine thaumarchaeote KM3_74_C01
1456327,1,Archaea,Nitrososphaerota,,,,,uncultured marine thaumarchaeote KM3_87_C09
1456367,1,Archaea,Nitrososphaerota,,,,,uncultured marine thaumarchaeote SAT1000_09_B07
1456368,1,Archaea,Nitrososphaerota,,,,,uncultured marine thaumarchaeote SAT1000_09_B08
1456369,1,Archaea,Nitrososphaerota,,,,,uncultured marine thaumarchaeote SAT1000_09_C07
1456370,1,Archaea,Nitrososphaerota,,,,,uncultured marine thaumarchaeote SAT1000_09_C08
1456375,2,Archaea,Nitrososphaerota,,,,,uncultured marine thaumarchaeote SAT1000_10_G09
1483600,1,Archaea,Methanobacteriota,Methanomicrobia,Methanosarcinales,Methanosarcinaceae,Methanosarcina,Methanosarcina sp. 2.H.A.1B.4
1502289,1,Archaea,Nitrososphaerota,,,,,Marine Group I thaumarchaeote SCGC AAA799-B03
1502295,1,Archaea,Nitrososphaerota,,,,,Marine Group I thaumarchaeote SCGC AAA799-P11
1547898,1,Archaea,Methanobacteriota,Halobacteria,Halobacteriales,Haloferacaceae,Haloplanus,Haloplanus rubicundus
1609231,1,Archaea,Thermoproteota,Thermoprotei,Thermoproteales,Thermoproteaceae,Vulcanisaeta,Vulcanisaeta sp. AZ3
1638263,1,Archaea,Methanobacteriota,Thermococci,Thermococcales,Thermococcaceae,Thermococcus,Thermococcus sp. MAR1
1674923,1,Archaea,Methanobacteriota,Thermococci,Thermococcales,Thermococcaceae,Thermococcus,Thermococcus sp. 2319x1
1715806,1,Archaea,Methanobacteriota,Methanomicrobia,Methanosarcinales,Methanosarcinaceae,Methanosarcina,Methanosarcina flavescens
1794907,1,Archaea,Methanobacteriota,Methanomicrobia,Methanosarcinales,Methanosarcinaceae,Methanohalophilus,Methanohalophilus sp. T328-1
1811677,2,Archaea,Methanobacteriota,Methanomicrobia,Methanocellales,Methanocellaceae,Methanocella,Methanocella sp. PtaU1.Bin125
1811728,1,Archaea,Thermoplasmatota,Thermoplasmata,Methanomassiliicoccales,,,Methanomassiliicoccales archaeon PtaB.Bin215
1821055,1,Archaea,Methanobacteriota,Methanomicrobia,Methanosarcinales,Candidatus Methanoperedentaceae,Candidatus Methanoperedens,uncultured Candidatus Methanoperedens sp.
1841597,1,Archaea,Candidatus Heimdallarchaeota,,,,,Heimdallarchaeota archaeon (strain LC_2)
1867261,1,Archaea,Thermoproteota,Methanosuratincolia,Candidatus Methanomethylicales,Candidatus Methanomethylicaceae,Candidatus Methanosuratincola (ex Vanwonterghem et al. 2016),Candidatus Methanosuratincola petrocarbonis (ex Vanwonterghem et al. 2016)
1872109,1,Archaea,Thermoproteota,Thermoprotei,Acidilobales,Acidilobaceae,Acidilobus,Acidilobus sp.
1891280,1,Archaea,Thermoproteota,Thermoprotei,Sulfolobales,Sulfolobaceae,Saccharolobus,Saccharolobus sp. A20
1906665,9,Archaea,,,,,,archaeon
1906667,1,Archaea,Thermoplasmatota,Thermoplasmata,Methanomassiliicoccales,,,Methanomassiliicoccales archaeon
1919152,1,Archaea,Methanobacteriota,Halobacteria,Halobacteriales,,,Halobacteriales archaeon QH_2_66_30
1919159,1,Archaea,Methanobacteriota,Halobacteria,Halobacteriales,,,Halobacteriales archaeon QH_7_66_37
1919196,3,Archaea,Methanobacteriota,Halobacteria,Halobacteriales,,,Halobacteriales archaeon SW_12_67_38
1961369,3,Archaea,Thermoproteota,Thermoprotei,Thermofilales,Thermofilaceae,Thermofilum,Thermofilum sp.
1974448,1,Archaea,Candidatus Woesearchaeota,,,,,Candidatus Woesearchaeota archaeon CG_4_10_14_0_2_um_filter_33_10
1974455,1,Archaea,Candidatus Woesearchaeota,,,,,Candidatus Woesearchaeota archaeon CG08_land_8_20_14_0_20_47_9
1978158,4,Archaea,Candidatus Marsarchaeota,,,,,Candidatus Marsarchaeota G2 archaeon BE_D
1978166,1,Archaea,Candidatus Marsarchaeota,,,,,Candidatus Marsarchaeota G2 archaeon ECH_B_SAG-G06
2004705,4,Archaea,Thermoproteota,Thermoprotei,Thermoproteales,Thermoproteaceae,Pyrobaculum,Pyrobaculum sp.
2020871,4,Archaea,Thermoproteota,Thermoprotei,Thermoproteales,Thermoproteaceae,Vulcanisaeta,Vulcanisaeta sp.
2026714,115,Archaea,Candidatus Bathyarchaeota,,,,,Candidatus Bathyarchaeota archaeon
2026739,8,Archaea,Methanobacteriota,,,,,Methanobacteriota archaeon
2026773,1,Archaea,,,,,,Candidatus Pacearchaeota archaeon
2026795,52,Archaea,Nitrososphaerota,,,,,Nitrososphaerota archaeon
2026803,3,Archaea,Candidatus Woesearchaeota,,,,,Candidatus Woesearchaeota archaeon
2027460,1,Archaea,Thermoproteota,Thermoprotei,Desulfurococcales,Desulfurococcaceae,,Desulfurococcaceae archaeon AG1
2053489,3,Archaea,Promethearchaeota,,,,,Promethearchaeota archaeon
2053491,2,Archaea,Candidatus Thorarchaeota,,,,,Thorarchaeota archaeon (strain OWC)
2056316,1,Archaea,Methanobacteriota,Methanomicrobia,Candidatus Methanophagales,,,Methanophagales archaeon
2056317,3,Archaea,Methanobacteriota,Methanomicrobia,Methanosarcinales,,,ANME-2 cluster archaeon
2056631,4,Archaea,Thermoproteota,,,,,Thermoproteota archaeon
2077205,5,Archaea,Methanobacteriota,Halobacteria,Halobacteriales,Haloferacaceae,Haloferax,Haloferax sp. Atlit-6N
2077317,2,Archaea,Methanobacteriota,,,,,uncultured DHVE6 group euryarchaeote
2094122,2,Archaea,Thermoplasmatota,Thermoplasmata,Thermoplasmatales,Thermoplasmataceae,Thermoplasma,Thermoplasma sp. Kam2015
2099680,1,Archaea,Methanobacteriota,Methanobacteria,Methanobacteriales,Methanobacteriaceae,,Methanobacteriaceae archaeon
2099682,1,Archaea,Methanobacteriota,Methanonatronarchaeia,,,,Methanonatronarchaeia archaeon
2163009,87,Archaea,Thermoplasmatota,Candidatus Poseidoniia,Candidatus Poseidoniales,,,Candidatus Poseidoniales archaeon
2169593,6,Archaea,Nitrososphaerota,Nitrososphaeria,Nitrososphaerales,Nitrososphaeraceae,,Nitrososphaeraceae archaeon
2184052,2,Archaea,Methanobacteriota,Methanomicrobia,Methanomicrobiales,,,Methanomicrobiales archaeon
2184738,10,Archaea,Thermoproteota,Thermoprotei,Desulfurococcales,Desulfurococcaceae,,Desulfurococcaceae archaeon
2200886,1,Archaea,Thermoproteota,Thermoprotei,Sulfolobales,Sulfolobaceae,Sulfolobus,Sulfolobus sp. F3
2202732,3,Archaea,Nitrososphaerota,Nitrososphaeria,Nitrosopumilales,Nitrosopumilaceae,,Nitrosopumilaceae archaeon
2212850,1,Archaea,Methanobacteriota,Halobacteria,Halobacteriales,Natronomonadaceae,Halosegnis,Halosegnis rubeus
2250255,37,Archaea,Methanobacteriota,Methanomicrobia,Methanosarcinales,,,Methanosarcinales archaeon
2250257,1,Archaea,Thermoproteota,,,,,Thermoproteota archaeon
2250273,4,Archaea,Candidatus Geothermarchaeota,,,,,Candidatus Geothermarchaeota archaeon
2250274,2,Archaea,Candidatus Micrarchaeota,,,,,Micrarchaeota archaeon
2250276,16,Archaea,Candidatus Hadarchaeota,Candidatus Hadarchaeia,,,,Hadesarchaea archaeon
2250277,1,Archaea,Thermoproteota,Thermoprotei,,,,Thermoprotei archaeon
2268139,2,Archaea,Thermoproteota,Thermoprotei,Thermoproteales,Thermoproteaceae,Thermoproteus,Thermoproteus sp.
2268176,13,Archaea,Thermoproteota,Thermoprotei,Acidilobales,,,Acidilobales archaeon
2268195,4,Archaea,Methanobacteriota,Methanomicrobia,,,,Methanomicrobia archaeon
2268198,20,Archaea,Nitrososphaerota,Nitrososphaeria,,,,Nitrososphaeria archaeon
2268200,2,Archaea,Thermoproteota,Thermoprotei,Sulfolobales,,,Sulfolobales archaeon
2268203,1,Archaea,Thermoproteota,Thermoprotei,Thermofilales,Thermofilaceae,,Thermofilaceae archaeon
2268204,1,Archaea,Thermoplasmatota,Thermoplasmata,Thermoplasmatales,,,Thermoplasmatales archaeon
2282135,1,Archaea,Methanobacteriota,Halobacteria,Halobacteriales,Haloarculaceae,Haloarcula,Haloarcula sp. Atlit-120R
2282147,6,Archaea,Thermoproteota,Methanosuratincolia,Candidatus Methanomethylicales,Candidatus Methanomethylicaceae,Candidatus Methanomethylicus,Candidatus Methanomethylicus sp.
2293854,1,Archaea,Methanobacteriota,Methanomicrobia,Methanomicrobiales,Methanocalculaceae,Methanocalculus,Methanocalculus sp. MSAO_Arc1
2478554,1,Archaea,Nitrososphaerota,Nitrososphaeria,Nitrosopumilales,Nitrosopumilaceae,Nitrosopumilus,Nitrosopumilus sp. D6
2478556,1,Archaea,Nitrososphaerota,Nitrososphaeria,Nitrosopumilales,Nitrosopumilaceae,Nitrosopumilus,Nitrosopumilus sp. H13
2485783,1,Archaea,Methanobacteriota,Methanomicrobia,Methanosarcinales,Methanosarcinaceae,Methanohalophilus,Methanohalophilus sp. RSK
2511932,2,Archaea,Nitrososphaerota,,,,,Marine Group I thaumarchaeote
2608793,5,Archaea,Methanobacteriota,Methanomicrobia,Methanosarcinales,,Candidatus Argoarchaeum,Candidatus Argoarchaeum ethanivorans
2668068,1,Archaea,Methanobacteriota,Halobacteria,Halobacteriales,Haloarculaceae,Halapricum,Halapricum sp. CBA1109
2690967,1,Archaea,Methanobacteriota,Halobacteria,Halobacteriales,Natrialbaceae,Natrialba,Natrialba sp. INN-245
2747605,3,Archaea,Methanobacteriota,Theionarchaea,,,,Theionarchaea archaeon
2759911,4,Archaea,Methanobacteriota,Methanomicrobia,Methanosarcinales,Candidatus Methanogasteraceae,Candidatus Methanogaster,Candidatus Methanogaster sp. ANME-2c ERB4
2759912,1,Archaea,Methanobacteriota,Methanomicrobia,Candidatus Methanophagales,Candidatus Methanophagaceae,,Candidatus Methanophagaceae archaeon ANME-1 ERB6
2759913,4,Archaea,Methanobacteriota,Methanomicrobia,Candidatus Methanophagales,Candidatus Methanophagaceae,Candidatus Methanophaga,Candidatus Methanophaga sp. ANME-1 ERB7
2902295,1,Bacteria,Pseudomonadota,Gammaproteobacteria,Vibrionales,Vibrionaceae,Vibrio,Vibrio campbellii
3121606,14,Archaea,Candidatus Aenigmatarchaeota,,,,,Candidatus Aenigmatarchaeota archaeon
