step,element,n,r2,rmse,mae,residual_icc_protein,fold
L0,1,79649,0.0483704250588255,0.070679875290547,0.056138797111456,0.520599099768712,fold_01
L0,16,611,-0.000504597173051069,1.39740056835411,1.18212760400164,0.31873036052006,fold_01
L0,6,48751,0.214723603390621,0.57817845653636,0.431437434881722,0.00996643157208761,fold_01
L0,7,13587,0.193073805820918,0.631095510746001,0.490929357080054,0.0332252996502116,fold_01
L0,8,14480,0.0433200428034798,2.35123844084261,1.9457115202417,0.0156180956182615,fold_01
L1,1,79649,0.0491506085547514,0.0706508962736893,0.0561119648604456,0.520715321064296,fold_01
L1,16,611,-0.000509337933273901,1.39740387905014,1.18212963058863,0.31873036052006,fold_01
L1,6,48751,0.214723434572536,0.578178518684525,0.43142667640062,0.00996643157208761,fold_01
L1,7,13587,0.193076454320684,0.631094475051723,0.490929299731367,0.0332252996502116,fold_01
L1,8,14480,0.0433200616035454,2.35123841774009,1.94571253101414,0.0156180956182615,fold_01
L2,1,79649,0.0525038749064649,0.070526207486314,0.0560265340720138,0.519362026364096,fold_01
L2,16,611,-0.000509337325477199,1.39740387862569,1.18212963055629,0.318730361841638,fold_01
L2,6,48751,0.456828837141557,0.480860369714025,0.355898031139594,0.0133562551885441,fold_01
L2,7,13587,0.218273454410974,0.621163050322756,0.484369531612587,0.0337170805304091,fold_01
L2,8,14480,0.0584456879498322,2.33257718841432,1.90924963444642,0.0159997384204087,fold_01
L3,1,79649,0.0629232150178712,0.0701373573877059,0.0556527633868529,0.50174012173199,fold_01
L3,16,611,0.0359230672768613,1.37172551590097,1.15828868379177,0.32503265034504,fold_01
L3,6,48751,0.457363352730175,0.480623712611105,0.35591084381915,0.0116241712442418,fold_01
L3,7,13587,0.237315552616731,0.613550944837415,0.475995542148441,0.0338289991010783,fold_01
L3,8,14480,0.0638062367818971,2.3259276825372,1.90538063152759,0.0150672034786765,fold_01
L4,1,79649,0.0752487632927228,0.0696745655865013,0.055341767200476,0.504617938190579,fold_01
L4,16,611,0.0226760531903293,1.38111754194455,1.16198053160828,0.320721156043889,fold_01
L4,6,48751,0.596669414715561,0.414363231912369,0.29511757234622,0.0156933406466621,fold_01
L4,7,13587,0.240248033839736,0.612370273429411,0.474261644284739,0.0329740732960338,fold_01
L4,8,14480,0.0946219008194639,2.28732737761239,1.85331954702839,0.01532149222052,fold_01
L5,1,79649,0.0799320565423157,0.0694979123449373,0.0551941803479545,0.504986515815768,fold_01
L5,16,611,0.000388213454690867,1.39677693677024,1.17556823985358,0.326389448398771,fold_01
L5,6,48751,0.619940835138384,0.402231647996202,0.277641406077545,0.0160685192853859,fold_01
L5,7,13587,0.240966621307421,0.612080609352987,0.473717885423546,0.0335196206531299,fold_01
L5,8,14480,0.0947692038465743,2.28714129847452,1.85250864851114,0.015323277186697,fold_01
L6,1,79649,0.0799320565423157,0.0694979123449373,0.0551941803479545,0.504986515815768,fold_01
L6,16,611,0.000388213454690867,1.39677693677024,1.17556823985358,0.326389448398771,fold_01
L6,6,48751,0.619940835138384,0.402231647996202,0.277641406077545,0.0160685192853859,fold_01
L6,7,13587,0.240966621307421,0.612080609352987,0.473717885423546,0.0335196206531299,fold_01
L6,8,14480,0.0947692038465743,2.28714129847452,1.85250864851114,0.015323277186697,fold_01
L0,1,81506,0.0446231924827862,0.0743504799953057,0.0588979941575239,0.557992550804468,fold_02
L0,16,593,0.00634635166685649,1.32897334512695,1.1012632032767,0.323659734175073,fold_02
L0,6,49561,0.213883890467358,0.582580087619614,0.43346948543965,0.0121483780773425,fold_02
L0,7,13991,0.183739322330847,0.6378638014069,0.495423365873455,0.0400988905642276,fold_02
L0,8,14597,0.0409511564042564,2.35405385740391,1.94637460302406,0.0180850858181009,fold_02
L1,1,81506,0.0450925543268318,0.0743322141313565,0.058877408209675,0.558084594464618,fold_02
L1,16,593,0.00634649628221495,1.32897324841822,1.10126313208675,0.323659734175073,fold_02
L1,6,49561,0.213882726384171,0.58258051896266,0.433456830548256,0.0121483780773425,fold_02
L1,7,13991,0.183743710183157,0.637862086969348,0.495422395677174,0.0400988905642276,fold_02
L1,8,14597,0.0409509480877005,2.35405411306782,1.94637640499985,0.0180850858181009,fold_02
L2,1,81506,0.0473364418371809,0.0742448280566187,0.0588109281441496,0.556899699216037,fold_02
L2,16,593,0.006346496902224,1.3289732480036,1.10126313108741,0.323659735552571,fold_02
L2,6,49561,0.458951425471953,0.483315159191284,0.357082384199663,0.0141461153626865,fold_02
L2,7,13991,0.211199831968078,0.627042555759107,0.486369226176769,0.04045711176769,fold_02
L2,8,14597,0.0590266817648379,2.33176450027838,1.90725420819948,0.0184360398639954,fold_02
L3,1,81506,0.0663811895493928,0.0734989654459168,0.0581472882856364,0.538580444854829,fold_02
L3,16,593,0.0497486113611624,1.29962486311398,1.07397077650191,0.326542073285741,fold_02
L3,6,49561,0.460016178656711,0.482839356453585,0.356859266330055,0.0120903515230166,fold_02
L3,7,13991,0.231062858677271,0.619097340571468,0.477144334235449,0.0382597809232197,fold_02
L3,8,14597,0.0684853611700206,2.32001543252972,1.90017040683422,0.0158704174754393,fold_02
L4,1,81506,0.078689484899415,0.0730128739230692,0.0578057284273843,0.542779061607042,fold_02
L4,16,593,0.0311210737928596,1.31230115079435,1.08556295523594,0.335509896814637,fold_02
L4,6,49561,0.599869972453198,0.415635716548689,0.295326748778716,0.0159815160706958,fold_02
L4,7,13991,0.236181225554379,0.617033414969198,0.475023689321152,0.0374424013028497,fold_02
L4,8,14597,0.0998131314793732,2.28066957184522,1.84506460770089,0.0161716973568236,fold_02
L5,1,81506,0.0842184248076178,0.0727934629570631,0.0576485233953835,0.543437829897521,fold_02
L5,16,593,0.0350440765885445,1.3096416941982,1.09207244200449,0.350019423028057,fold_02
L5,6,49561,0.624068174018277,0.402871768987568,0.277598343029809,0.0166525749834358,fold_02
L5,7,13991,0.238380432277067,0.616144485386478,0.474066458231605,0.0376000574890848,fold_02
L5,8,14597,0.100991173001859,2.27917676900149,1.84369241604019,0.0161603205109595,fold_02
L6,1,81506,0.0842184248076178,0.0727934629570631,0.0576485233953835,0.543437829897521,fold_02
L6,16,593,0.0350440765885445,1.3096416941982,1.09207244200449,0.350019423028057,fold_02
L6,6,49561,0.624068174018277,0.402871768987568,0.277598343029809,0.0166525749834358,fold_02
L6,7,13991,0.238380432277067,0.616144485386478,0.474066458231605,0.0376000574890848,fold_02
L6,8,14597,0.100991173001859,2.27917676900149,1.84369241604019,0.0161603205109595,fold_02
L0,1,80481,0.0608300543183781,0.069440776409545,0.0551311794999198,0.496185974310669,fold_03
L0,16,592,-0.00503599402664401,1.3606087985526,1.13408653101939,0.285543032768598,fold_03
L0,6,48739,0.211754604833653,0.580772351551443,0.432741044922619,0.0124024224251787,fold_03
L0,7,13847,0.20357353074799,0.645283542454796,0.502271588852065,0.034708768845101,fold_03
L0,8,14131,0.0335554741299939,2.37676884289334,1.95518676539163,0.0181798640491367,fold_03
L1,1,80481,0.0615468763425436,0.0694142709938954,0.0551128458463,0.496245776399988,fold_03
L1,16,592,-0.00502917691041893,1.36060418406909,1.13408272025189,0.285543032768598,fold_03
L1,6,48739,0.211755956287509,0.580771853681506,0.432728407674427,0.0124024224251787,fold_03
L1,7,13847,0.203566435961412,0.645286416630251,0.502272558490059,0.034708768845101,fold_03
L1,8,14131,0.033555564257579,2.37676873206833,1.95518765574986,0.0181798640491367,fold_03
L2,1,80481,0.0640169593707646,0.0693228588708352,0.0550588764661462,0.495385084593636,fold_03
L2,16,592,-0.0050291783151728,1.36060418501997,1.13408272063,0.285543032170711,fold_03
L2,6,48739,0.45520372302019,0.482827810723689,0.358260733913166,0.0142378743575206,fold_03
L2,7,13847,0.235157839540644,0.632358930025572,0.493565292701153,0.035108592774649,fold_03
L2,8,14131,0.0525831635196888,2.35325521372842,1.91773421814762,0.0180460124997825,fold_03
L3,1,80481,0.0804735083219009,0.0687107355603008,0.0544614754061143,0.473341311746844,fold_03
L3,16,592,0.0297457613648542,1.33685788375511,1.10241911312888,0.295842721263037,fold_03
L3,6,48739,0.455837794687827,0.482546754686007,0.358338802834823,0.0119212235923818,fold_03
L3,7,13847,0.257961190010998,0.62286088182862,0.484036110203992,0.0341658742706697,fold_03
L3,8,14131,0.0598790211659041,2.3441767405523,1.91067474463065,0.0155126000684835,fold_03
L4,1,80481,0.0912403630608644,0.0683072796039895,0.0541961337880484,0.476465654869419,fold_03
L4,16,592,0.0191005721502652,1.34417157687272,1.10441540199209,0.289938187771077,fold_03
L4,6,48739,0.593060417869289,0.417292115693782,0.295930506733441,0.0190222309309168,fold_03
L4,7,13847,0.261489662376802,0.621378232781362,0.482067317199055,0.0330747337765138,fold_03
L4,8,14131,0.100181929268457,2.29337902283415,1.85090481856488,0.015978131368142,fold_03
L5,1,80481,0.0966403628314787,0.0681040306540067,0.0540376200353254,0.476736563193715,fold_03
L5,16,592,0.0350318331878037,1.33321122191611,1.09901600827206,0.290208689051529,fold_03
L5,6,48739,0.621364231079364,0.402518671893105,0.278058331614703,0.0167962295435258,fold_03
L5,7,13847,0.261923890032286,0.621195527629458,0.481541652138851,0.033615272241885,fold_03
L5,8,14131,0.101558934816232,2.29162355422993,1.84830282268249,0.0158475862466498,fold_03
L6,1,80481,0.0966403628314787,0.0681040306540067,0.0540376200353254,0.476736563193715,fold_03
L6,16,592,0.0350318331878037,1.33321122191611,1.09901600827206,0.290208689051529,fold_03
L6,6,48739,0.621364231079364,0.402518671893105,0.278058331614703,0.0167962295435258,fold_03
L6,7,13847,0.261923890032286,0.621195527629458,0.481541652138851,0.033615272241885,fold_03
L6,8,14131,0.101558934816232,2.29162355422993,1.84830282268249,0.0158475862466498,fold_03
